time_s,radius_cm
60,1.995766667
120,1.991533333
180,1.9873
240,1.983066667
300,1.978833333
360,1.9746
420,1.970366667
480,1.966133333
540,1.9619
600,1.957666667
660,1.953433333
720,1.9492
780,1.944966667
840,1.940733333
900,1.9365
960,1.932266667
1020,1.928033333
1080,1.9238
1140,1.919566667
1200,1.915333333
1260,1.9111
1320,1.906866667
1380,1.902633333
1440,1.8984
1500,1.894166667
1560,1.889933333
1620,1.8857
1680,1.881466667
1740,1.877233333
1800,1.873
1860,1.870366667
1920,1.867733333
1980,1.8651
2040,1.862466667
2100,1.859833333
2160,1.8572
2220,1.854566667
2280,1.851933333
2340,1.8493
2400,1.846666667
2460,1.844033333
2520,1.8414
2580,1.838766667
2640,1.836133333
2700,1.8335
2760,1.830866667
2820,1.828233333
2880,1.8256
2940,1.822966667
3000,1.820333333
3060,1.8177
3120,1.815066667
3180,1.812433333
3240,1.8098
3300,1.807166667
3360,1.804533333
3420,1.8019
3480,1.799266667
3540,1.796633333
3600,1.794
3660,1.790966667
3720,1.787933333
3780,1.7849
3840,1.781866667
3900,1.778833333
3960,1.7758
4020,1.772766667
4080,1.769733333
4140,1.7667
4200,1.763666667
4260,1.760633333
4320,1.7576
4380,1.754566667
4440,1.751533333
4500,1.7485
4560,1.745466667
4620,1.742433333
4680,1.7394
4740,1.736366667
4800,1.733333333
4860,1.7303
4920,1.727266667
4980,1.724233333
5040,1.7212
5100,1.718166667
5160,1.715133333
5220,1.7121
5280,1.709066667
5340,1.706033333
5400,1.703
5460,1.7004
5520,1.6978
5580,1.6952
5640,1.6926
5700,1.69
5760,1.6874
5820,1.6848
5880,1.6822
5940,1.6796
6000,1.677
6060,1.6744
6120,1.6718
6180,1.6692
6240,1.6666
6300,1.664
6360,1.6614
6420,1.6588
6480,1.6562
6540,1.6536
6600,1.651
6660,1.6484
6720,1.6458
6780,1.6432
6840,1.6406
6900,1.638
6960,1.6354
7020,1.6328
7080,1.6302
7140,1.6276
7200,1.625
7260,1.6238
7320,1.6226
7380,1.6214
7440,1.6202
7500,1.619
7560,1.6178
7620,1.6166
7680,1.6154
7740,1.6142
7800,1.613
7860,1.6118
7920,1.6106
7980,1.6094
8040,1.6082
8100,1.607
8160,1.6058
8220,1.6046
8280,1.6034
8340,1.6022
8400,1.601
8460,1.5998
8520,1.5986
8580,1.5974
8640,1.5962
8700,1.595
8760,1.5938
8820,1.5926
8880,1.5914
8940,1.5902
9000,1.589
9060,1.587766667
9120,1.586533333
9180,1.5853
9240,1.584066667
9300,1.582833333
9360,1.5816
9420,1.580366667
9480,1.579133333
9540,1.5779
9600,1.576666667
9660,1.575433333
9720,1.5742
9780,1.572966667
9840,1.571733333
9900,1.5705
9960,1.569266667
10020,1.568033333
10080,1.5668
10140,1.565566667
10200,1.564333333
10260,1.5631
10320,1.561866667
10380,1.560633333
10440,1.5594
10500,1.558166667
10560,1.556933333
10620,1.5557
10680,1.554466667
10740,1.553233333
10800,1.552
10860,1.5506
10920,1.5492
10980,1.5478
11040,1.5464
11100,1.545
11160,1.5436
11220,1.5422
11280,1.5408
11340,1.5394
11400,1.538
11460,1.5366
11520,1.5352
11580,1.5338
11640,1.5324
11700,1.531
11760,1.5296
11820,1.5282
11880,1.5268
11940,1.5254
12000,1.524
12060,1.5226
12120,1.5212
12180,1.5198
12240,1.5184
12300,1.517
12360,1.5156
12420,1.5142
12480,1.5128
12540,1.5114
12600,1.51
12660,1.5089
12720,1.5078
12780,1.5067
12840,1.5056
12900,1.5045
12960,1.5034
13020,1.5023
13080,1.5012
13140,1.5001
13200,1.499
13260,1.4979
13320,1.4968
13380,1.4957
13440,1.4946
13500,1.4935
13560,1.4924
13620,1.4913
13680,1.4902
13740,1.4891
13800,1.488
13860,1.4869
13920,1.4858
13980,1.4847
14040,1.4836
14100,1.4825
14160,1.4814
14220,1.4803
14280,1.4792
14340,1.4781
14400,1.477
14460,1.476
14520,1.475
14580,1.474
14640,1.473
14700,1.472
14760,1.471
14820,1.47
14880,1.469
14940,1.468
15000,1.467
15060,1.466
15120,1.465
15180,1.464
15240,1.463
15300,1.462
15360,1.461
15420,1.46
15480,1.459
15540,1.458
15600,1.457
15660,1.456
15720,1.455
15780,1.454
15840,1.453
15900,1.452
15960,1.451
16020,1.45
16080,1.449
16140,1.448
16200,1.447
16260,1.446233333
16320,1.445466667
16380,1.4447
16440,1.443933333
16500,1.443166667
16560,1.4424
16620,1.441633333
16680,1.440866667
16740,1.4401
16800,1.439333333
16860,1.438566667
16920,1.4378
16980,1.437033333
17040,1.436266667
17100,1.4355
17160,1.434733333
17220,1.433966667
17280,1.4332
17340,1.432433333
17400,1.431666667
17460,1.4309
17520,1.430133333
17580,1.429366667
17640,1.4286
17700,1.427833333
17760,1.427066667
17820,1.4263
17880,1.425533333
17940,1.424766667
18000,1.424
18060,1.4231
18120,1.4222
18180,1.4213
18240,1.4204
18300,1.4195
18360,1.4186
18420,1.4177
18480,1.4168
18540,1.4159
18600,1.415
18660,1.4141
18720,1.4132
18780,1.4123
18840,1.4114
18900,1.4105
18960,1.4096
19020,1.4087
19080,1.4078
19140,1.4069
19200,1.406
19260,1.4051
19320,1.4042
19380,1.4033
19440,1.4024
19500,1.4015
19560,1.4006
19620,1.3997
19680,1.3988
19740,1.3979
19800,1.397
19860,1.396233333
19920,1.395466667
19980,1.3947
20040,1.393933333
20100,1.393166667
20160,1.3924
20220,1.391633333
20280,1.390866667
20340,1.3901
20400,1.389333333
20460,1.388566667
20520,1.3878
20580,1.387033333
20640,1.386266667
20700,1.3855
20760,1.384733333
20820,1.383966667
20880,1.3832
20940,1.382433333
21000,1.381666667
21060,1.3809
21120,1.380133333
21180,1.379366667
21240,1.3786
21300,1.377833333
21360,1.377066667
21420,1.3763
21480,1.375533333
21540,1.374766667
21600,1.374
21660,1.3734
21720,1.3728
21780,1.3722
21840,1.3716
21900,1.371
21960,1.3704
22020,1.3698
22080,1.3692
22140,1.3686
22200,1.368
22260,1.3674
22320,1.3668
22380,1.3662
22440,1.3656
22500,1.365
22560,1.3644
22620,1.3638
22680,1.3632
22740,1.3626
22800,1.362
22860,1.3614
22920,1.3608
22980,1.3602
23040,1.3596
23100,1.359
23160,1.3584
23220,1.3578
23280,1.3572
23340,1.3566
23400,1.356
23460,1.355366667
23520,1.354733333
23580,1.3541
23640,1.353466667
23700,1.352833333
23760,1.3522
23820,1.351566667
23880,1.350933333
23940,1.3503
24000,1.349666667
24060,1.349033333
24120,1.3484
24180,1.347766667
24240,1.347133333
24300,1.3465
24360,1.345866667
24420,1.345233333
24480,1.3446
24540,1.343966667
24600,1.343333333
24660,1.3427
24720,1.342066667
24780,1.341433333
24840,1.3408
24900,1.340166667
24960,1.339533333
25020,1.3389
25080,1.338266667
25140,1.337633333
25200,1.337
25260,1.336466667
25320,1.335933333
25380,1.3354
25440,1.334866667
25500,1.334333333
25560,1.3338
25620,1.333266667
25680,1.332733333
25740,1.3322
25800,1.331666667
25860,1.331133333
25920,1.3306
25980,1.330066667
26040,1.329533333
26100,1.329
26160,1.328466667
26220,1.327933333
26280,1.3274
26340,1.326866667
26400,1.326333333
26460,1.3258
26520,1.325266667
26580,1.324733333
26640,1.3242
26700,1.323666667
26760,1.323133333
26820,1.3226
26880,1.322066667
26940,1.321533333
27000,1.321
27060,1.320666667
27120,1.320333333
27180,1.32
27240,1.319666667
27300,1.319333333
27360,1.319
27420,1.318666667
27480,1.318333333
27540,1.318
27600,1.317666667
27660,1.317333333
27720,1.317
27780,1.316666667
27840,1.316333333
27900,1.316
27960,1.315666667
28020,1.315333333
28080,1.315
28140,1.314666667
28200,1.314333333
28260,1.314
28320,1.313666667
28380,1.313333333
28440,1.313
28500,1.312666667
28560,1.312333333
28620,1.312
28680,1.311666667
28740,1.311333333
28800,1.311
28860,1.3106
28920,1.3102
28980,1.3098
29040,1.3094
29100,1.309
29160,1.3086
29220,1.3082
29280,1.3078
29340,1.3074
29400,1.307
29460,1.3066
29520,1.3062
29580,1.3058
29640,1.3054
29700,1.305
29760,1.3046
29820,1.3042
29880,1.3038
29940,1.3034
30000,1.303
30060,1.3026
30120,1.3022
30180,1.3018
30240,1.3014
30300,1.301
30360,1.3006
30420,1.3002
30480,1.2998
30540,1.2994
30600,1.299
30660,1.298733333
30720,1.298466667
30780,1.2982
30840,1.297933333
30900,1.297666667
30960,1.2974
31020,1.297133333
31080,1.296866667
31140,1.2966
31200,1.296333333
31260,1.296066667
31320,1.2958
31380,1.295533333
31440,1.295266667
31500,1.295
31560,1.294733333
31620,1.294466667
31680,1.2942
31740,1.293933333
31800,1.293666667
31860,1.2934
31920,1.293133333
31980,1.292866667
32040,1.2926
32100,1.292333333
32160,1.292066667
32220,1.2918
32280,1.291533333
32340,1.291266667
32400,1.291
32460,1.290666667
32520,1.290333333
32580,1.29
32640,1.289666667
32700,1.289333333
32760,1.289
32820,1.288666667
32880,1.288333333
32940,1.288
33000,1.287666667
33060,1.287333333
33120,1.287
33180,1.286666667
33240,1.286333333
33300,1.286
33360,1.285666667
33420,1.285333333
33480,1.285
33540,1.284666667
33600,1.284333333
33660,1.284
33720,1.283666667
33780,1.283333333
33840,1.283
33900,1.282666667
33960,1.282333333
34020,1.282
34080,1.281666667
34140,1.281333333
34200,1.281
34260,1.280733333
34320,1.280466667
34380,1.2802
34440,1.279933333
34500,1.279666667
34560,1.2794
34620,1.279133333
34680,1.278866667
34740,1.2786
34800,1.278333333
34860,1.278066667
34920,1.2778
34980,1.277533333
35040,1.277266667
35100,1.277
35160,1.276733333
35220,1.276466667
35280,1.2762
35340,1.275933333
35400,1.275666667
35460,1.2754
35520,1.275133333
35580,1.274866667
35640,1.2746
35700,1.274333333
35760,1.274066667
35820,1.2738
35880,1.273533333
35940,1.273266667
36000,1.273
36060,1.272766667
36120,1.272533333
36180,1.2723
36240,1.272066667
36300,1.271833333
36360,1.2716
36420,1.271366667
36480,1.271133333
36540,1.2709
36600,1.270666667
36660,1.270433333
36720,1.2702
36780,1.269966667
36840,1.269733333
36900,1.2695
36960,1.269266667
37020,1.269033333
37080,1.2688
37140,1.268566667
37200,1.268333333
37260,1.2681
37320,1.267866667
37380,1.267633333
37440,1.2674
37500,1.267166667
37560,1.266933333
37620,1.2667
37680,1.266466667
37740,1.266233333
37800,1.266
37860,1.2658
37920,1.2656
37980,1.2654
38040,1.2652
38100,1.265
38160,1.2648
38220,1.2646
38280,1.2644
38340,1.2642
38400,1.264
38460,1.2638
38520,1.2636
38580,1.2634
38640,1.2632
38700,1.263
38760,1.2628
38820,1.2626
38880,1.2624
38940,1.2622
39000,1.262
39060,1.2618
39120,1.2616
39180,1.2614
39240,1.2612
39300,1.261
39360,1.2608
39420,1.2606
39480,1.2604
39540,1.2602
39600,1.26
39660,1.259766667
39720,1.259533333
39780,1.2593
39840,1.259066667
39900,1.258833333
39960,1.2586
40020,1.258366667
40080,1.258133333
40140,1.2579
40200,1.257666667
40260,1.257433333
40320,1.2572
40380,1.256966667
40440,1.256733333
40500,1.2565
40560,1.256266667
40620,1.256033333
40680,1.2558
40740,1.255566667
40800,1.255333333
40860,1.2551
40920,1.254866667
40980,1.254633333
41040,1.2544
41100,1.254166667
41160,1.253933333
41220,1.2537
41280,1.253466667
41340,1.253233333
41400,1.253
41460,1.252833333
41520,1.252666667
41580,1.2525
41640,1.252333333
41700,1.252166667
41760,1.252
41820,1.251833333
41880,1.251666667
41940,1.2515
42000,1.251333333
42060,1.251166667
42120,1.251
42180,1.250833333
42240,1.250666667
42300,1.2505
42360,1.250333333
42420,1.250166667
42480,1.25
42540,1.249833333
42600,1.249666667
42660,1.2495
42720,1.249333333
42780,1.249166667
42840,1.249
42900,1.248833333
42960,1.248666667
43020,1.2485
43080,1.248333333
43140,1.248166667
43200,1.248
43260,1.247866667
43320,1.247733333
43380,1.2476
43440,1.247466667
43500,1.247333333
43560,1.2472
43620,1.247066667
43680,1.246933333
43740,1.2468
43800,1.246666667
43860,1.246533333
43920,1.2464
43980,1.246266667
44040,1.246133333
44100,1.246
44160,1.245866667
44220,1.245733333
44280,1.2456
44340,1.245466667
44400,1.245333333
44460,1.2452
44520,1.245066667
44580,1.244933333
44640,1.2448
44700,1.244666667
44760,1.244533333
44820,1.2444
44880,1.244266667
44940,1.244133333
45000,1.244
45060,1.243866667
45120,1.243733333
45180,1.2436
45240,1.243466667
45300,1.243333333
45360,1.2432
45420,1.243066667
45480,1.242933333
45540,1.2428
45600,1.242666667
45660,1.242533333
45720,1.2424
45780,1.242266667
45840,1.242133333
45900,1.242
45960,1.241866667
46020,1.241733333
46080,1.2416
46140,1.241466667
46200,1.241333333
46260,1.2412
46320,1.241066667
46380,1.240933333
46440,1.2408
46500,1.240666667
46560,1.240533333
46620,1.2404
46680,1.240266667
46740,1.240133333
46800,1.24
46860,1.239866667
46920,1.239733333
46980,1.2396
47040,1.239466667
47100,1.239333333
47160,1.2392
47220,1.239066667
47280,1.238933333
47340,1.2388
47400,1.238666667
47460,1.238533333
47520,1.2384
47580,1.238266667
47640,1.238133333
47700,1.238
47760,1.237866667
47820,1.237733333
47880,1.2376
47940,1.237466667
48000,1.237333333
48060,1.2372
48120,1.237066667
48180,1.236933333
48240,1.2368
48300,1.236666667
48360,1.236533333
48420,1.2364
48480,1.236266667
48540,1.236133333
48600,1.236
48660,1.2359
48720,1.2358
48780,1.2357
48840,1.2356
48900,1.2355
48960,1.2354
49020,1.2353
49080,1.2352
49140,1.2351
49200,1.235
49260,1.2349
49320,1.2348
49380,1.2347
49440,1.2346
49500,1.2345
49560,1.2344
49620,1.2343
49680,1.2342
49740,1.2341
49800,1.234
49860,1.2339
49920,1.2338
49980,1.2337
50040,1.2336
50100,1.2335
50160,1.2334
50220,1.2333
50280,1.2332
50340,1.2331
50400,1.233
50460,1.232866667
50520,1.232733333
50580,1.2326
50640,1.232466667
50700,1.232333333
50760,1.2322
50820,1.232066667
50880,1.231933333
50940,1.2318
51000,1.231666667
51060,1.231533333
51120,1.2314
51180,1.231266667
51240,1.231133333
51300,1.231
51360,1.230866667
51420,1.230733333
51480,1.2306
51540,1.230466667
51600,1.230333333
51660,1.2302
51720,1.230066667
51780,1.229933333
51840,1.2298
51900,1.229666667
51960,1.229533333
52020,1.2294
52080,1.229266667
52140,1.229133333
52200,1.229
52260,1.2289
52320,1.2288
52380,1.2287
52440,1.2286
52500,1.2285
52560,1.2284
52620,1.2283
52680,1.2282
52740,1.2281
52800,1.228
52860,1.2279
52920,1.2278
52980,1.2277
53040,1.2276
53100,1.2275
53160,1.2274
53220,1.2273
53280,1.2272
53340,1.2271
53400,1.227
53460,1.2269
53520,1.2268
53580,1.2267
53640,1.2266
53700,1.2265
53760,1.2264
53820,1.2263
53880,1.2262
53940,1.2261
54000,1.226
54060,1.2259
54120,1.2258
54180,1.2257
54240,1.2256
54300,1.2255
54360,1.2254
54420,1.2253
54480,1.2252
54540,1.2251
54600,1.225
54660,1.2249
54720,1.2248
54780,1.2247
54840,1.2246
54900,1.2245
54960,1.2244
55020,1.2243
55080,1.2242
55140,1.2241
55200,1.224
55260,1.2239
55320,1.2238
55380,1.2237
55440,1.2236
55500,1.2235
55560,1.2234
55620,1.2233
55680,1.2232
55740,1.2231
55800,1.223
55860,1.222933333
55920,1.222866667
55980,1.2228
56040,1.222733333
56100,1.222666667
56160,1.2226
56220,1.222533333
56280,1.222466667
56340,1.2224
56400,1.222333333
56460,1.222266667
56520,1.2222
56580,1.222133333
56640,1.222066667
56700,1.222
56760,1.221933333
56820,1.221866667
56880,1.2218
56940,1.221733333
57000,1.221666667
57060,1.2216
57120,1.221533333
57180,1.221466667
57240,1.2214
57300,1.221333333
57360,1.221266667
57420,1.2212
57480,1.221133333
57540,1.221066667
57600,1.221
57660,1.220933333
57720,1.220866667
57780,1.2208
57840,1.220733333
57900,1.220666667
57960,1.2206
58020,1.220533333
58080,1.220466667
58140,1.2204
58200,1.220333333
58260,1.220266667
58320,1.2202
58380,1.220133333
58440,1.220066667
58500,1.22
58560,1.219933333
58620,1.219866667
58680,1.2198
58740,1.219733333
58800,1.219666667
58860,1.2196
58920,1.219533333
58980,1.219466667
59040,1.2194
59100,1.219333333
59160,1.219266667
59220,1.2192
59280,1.219133333
59340,1.219066667
59400,1.219
59460,1.218966667
59520,1.218933333
59580,1.2189
59640,1.218866667
59700,1.218833333
59760,1.2188
59820,1.218766667
59880,1.218733333
59940,1.2187
60000,1.218666667
60060,1.218633333
60120,1.2186
60180,1.218566667
60240,1.218533333
60300,1.2185
60360,1.218466667
60420,1.218433333
60480,1.2184
60540,1.218366667
60600,1.218333333
60660,1.2183
60720,1.218266667
60780,1.218233333
60840,1.2182
60900,1.218166667
60960,1.218133333
61020,1.2181
61080,1.218066667
61140,1.218033333
61200,1.218
61260,1.217933333
61320,1.217866667
61380,1.2178
61440,1.217733333
61500,1.217666667
61560,1.2176
61620,1.217533333
61680,1.217466667
61740,1.2174
61800,1.217333333
61860,1.217266667
61920,1.2172
61980,1.217133333
62040,1.217066667
62100,1.217
62160,1.216933333
62220,1.216866667
62280,1.2168
62340,1.216733333
62400,1.216666667
62460,1.2166
62520,1.216533333
62580,1.216466667
62640,1.2164
62700,1.216333333
62760,1.216266667
62820,1.2162
62880,1.216133333
62940,1.216066667
63000,1.216
63060,1.215933333
63120,1.215866667
63180,1.2158
63240,1.215733333
63300,1.215666667
63360,1.2156
63420,1.215533333
63480,1.215466667
63540,1.2154
63600,1.215333333
63660,1.215266667
63720,1.2152
63780,1.215133333
63840,1.215066667
63900,1.215
63960,1.214933333
64020,1.214866667
64080,1.2148
64140,1.214733333
64200,1.214666667
64260,1.2146
64320,1.214533333
64380,1.214466667
64440,1.2144
64500,1.214333333
64560,1.214266667
64620,1.2142
64680,1.214133333
64740,1.214066667
64800,1.214
64860,1.213966667
64920,1.213933333
64980,1.2139
65040,1.213866667
65100,1.213833333
65160,1.2138
65220,1.213766667
65280,1.213733333
65340,1.2137
65400,1.213666667
65460,1.213633333
65520,1.2136
65580,1.213566667
65640,1.213533333
65700,1.2135
65760,1.213466667
65820,1.213433333
65880,1.2134
65940,1.213366667
66000,1.213333333
66060,1.2133
66120,1.213266667
66180,1.213233333
66240,1.2132
66300,1.213166667
66360,1.213133333
66420,1.2131
66480,1.213066667
66540,1.213033333
66600,1.213
66660,1.212966667
66720,1.212933333
66780,1.2129
66840,1.212866667
66900,1.212833333
66960,1.2128
67020,1.212766667
67080,1.212733333
67140,1.2127
67200,1.212666667
67260,1.212633333
67320,1.2126
67380,1.212566667
67440,1.212533333
67500,1.2125
67560,1.212466667
67620,1.212433333
67680,1.2124
67740,1.212366667
67800,1.212333333
67860,1.2123
67920,1.212266667
67980,1.212233333
68040,1.2122
68100,1.212166667
68160,1.212133333
68220,1.2121
68280,1.212066667
68340,1.212033333
68400,1.212
68460,1.211966667
68520,1.211933333
68580,1.2119
68640,1.211866667
68700,1.211833333
68760,1.2118
68820,1.211766667
68880,1.211733333
68940,1.2117
69000,1.211666667
69060,1.211633333
69120,1.2116
69180,1.211566667
69240,1.211533333
69300,1.2115
69360,1.211466667
69420,1.211433333
69480,1.2114
69540,1.211366667
69600,1.211333333
69660,1.2113
69720,1.211266667
69780,1.211233333
69840,1.2112
69900,1.211166667
69960,1.211133333
70020,1.2111
70080,1.211066667
70140,1.211033333
70200,1.211
70260,1.210966667
70320,1.210933333
70380,1.2109
70440,1.210866667
70500,1.210833333
70560,1.2108
70620,1.210766667
70680,1.210733333
70740,1.2107
70800,1.210666667
70860,1.210633333
70920,1.2106
70980,1.210566667
71040,1.210533333
71100,1.2105
71160,1.210466667
71220,1.210433333
71280,1.2104
71340,1.210366667
71400,1.210333333
71460,1.2103
71520,1.210266667
71580,1.210233333
71640,1.2102
71700,1.210166667
71760,1.210133333
71820,1.2101
71880,1.210066667
71940,1.210033333
72000,1.21
72060,1.209966667
72120,1.209933333
72180,1.2099
72240,1.209866667
72300,1.209833333
72360,1.2098
72420,1.209766667
72480,1.209733333
72540,1.2097
72600,1.209666667
72660,1.209633333
72720,1.2096
72780,1.209566667
72840,1.209533333
72900,1.2095
72960,1.209466667
73020,1.209433333
73080,1.2094
73140,1.209366667
73200,1.209333333
73260,1.2093
73320,1.209266667
73380,1.209233333
73440,1.2092
73500,1.209166667
73560,1.209133333
73620,1.2091
73680,1.209066667
73740,1.209033333
73800,1.209
73860,1.208966667
73920,1.208933333
73980,1.2089
74040,1.208866667
74100,1.208833333
74160,1.2088
74220,1.208766667
74280,1.208733333
74340,1.2087
74400,1.208666667
74460,1.208633333
74520,1.2086
74580,1.208566667
74640,1.208533333
74700,1.2085
74760,1.208466667
74820,1.208433333
74880,1.2084
74940,1.208366667
75000,1.208333333
75060,1.2083
75120,1.208266667
75180,1.208233333
75240,1.2082
75300,1.208166667
75360,1.208133333
75420,1.2081
75480,1.208066667
75540,1.208033333
75600,1.208
75660,1.207966667
75720,1.207933333
75780,1.2079
75840,1.207866667
75900,1.207833333
75960,1.2078
76020,1.207766667
76080,1.207733333
76140,1.2077
76200,1.207666667
76260,1.207633333
76320,1.2076
76380,1.207566667
76440,1.207533333
76500,1.2075
76560,1.207466667
76620,1.207433333
76680,1.2074
76740,1.207366667
76800,1.207333333
76860,1.2073
76920,1.207266667
76980,1.207233333
77040,1.2072
77100,1.207166667
77160,1.207133333
77220,1.2071
77280,1.207066667
77340,1.207033333
77400,1.207
77460,1.206966667
77520,1.206933333
77580,1.2069
77640,1.206866667
77700,1.206833333
77760,1.2068
77820,1.206766667
77880,1.206733333
77940,1.2067
78000,1.206666667
78060,1.206633333
78120,1.2066
78180,1.206566667
78240,1.206533333
78300,1.2065
78360,1.206466667
78420,1.206433333
78480,1.2064
78540,1.206366667
78600,1.206333333
78660,1.2063
78720,1.206266667
78780,1.206233333
78840,1.2062
78900,1.206166667
78960,1.206133333
79020,1.2061
79080,1.206066667
79140,1.206033333
79200,1.206
79260,1.206
79320,1.206
79380,1.206
79440,1.206
79500,1.206
79560,1.206
79620,1.206
79680,1.206
79740,1.206
79800,1.206
79860,1.206
79920,1.206
79980,1.206
80040,1.206
80100,1.206
80160,1.206
80220,1.206
80280,1.206
80340,1.206
80400,1.206
80460,1.206
80520,1.206
80580,1.206
80640,1.206
80700,1.206
80760,1.206
80820,1.206
80880,1.206
80940,1.206
81000,1.206
81060,1.205966667
81120,1.205933333
81180,1.2059
81240,1.205866667
81300,1.205833333
81360,1.2058
81420,1.205766667
81480,1.205733333
81540,1.2057
81600,1.205666667
81660,1.205633333
81720,1.2056
81780,1.205566667
81840,1.205533333
81900,1.2055
81960,1.205466667
82020,1.205433333
82080,1.2054
82140,1.205366667
82200,1.205333333
82260,1.2053
82320,1.205266667
82380,1.205233333
82440,1.2052
82500,1.205166667
82560,1.205133333
82620,1.2051
82680,1.205066667
82740,1.205033333
82800,1.205
82860,1.205
82920,1.205
82980,1.205
83040,1.205
83100,1.205
83160,1.205
83220,1.205
83280,1.205
83340,1.205
83400,1.205
83460,1.205
83520,1.205
83580,1.205
83640,1.205
83700,1.205
83760,1.205
83820,1.205
83880,1.205
83940,1.205
84000,1.205
84060,1.205
84120,1.205
84180,1.205
84240,1.205
84300,1.205
84360,1.205
84420,1.205
84480,1.205
84540,1.205
84600,1.205
84660,1.204966667
84720,1.204933333
84780,1.2049
84840,1.204866667
84900,1.204833333
84960,1.2048
85020,1.204766667
85080,1.204733333
85140,1.2047
85200,1.204666667
85260,1.204633333
85320,1.2046
85380,1.204566667
85440,1.204533333
85500,1.2045
85560,1.204466667
85620,1.204433333
85680,1.2044
85740,1.204366667
85800,1.204333333
85860,1.2043
85920,1.204266667
85980,1.204233333
86040,1.2042
86100,1.204166667
86160,1.204133333
86220,1.2041
86280,1.204066667
86340,1.204033333
86400,1.204
86460,1.204
86520,1.204
86580,1.204
86640,1.204
86700,1.204
86760,1.204
86820,1.204
86880,1.204
86940,1.204
87000,1.204
87060,1.204
87120,1.204
87180,1.204
87240,1.204
87300,1.204
87360,1.204
87420,1.204
87480,1.204
87540,1.204
87600,1.204
87660,1.204
87720,1.204
87780,1.204
87840,1.204
87900,1.204
87960,1.204
88020,1.204
88080,1.204
88140,1.204
88200,1.204
88260,1.203966667
88320,1.203933333
88380,1.2039
88440,1.203866667
88500,1.203833333
88560,1.2038
88620,1.203766667
88680,1.203733333
88740,1.2037
88800,1.203666667
88860,1.203633333
88920,1.2036
88980,1.203566667
89040,1.203533333
89100,1.2035
89160,1.203466667
89220,1.203433333
89280,1.2034
89340,1.203366667
89400,1.203333333
89460,1.2033
89520,1.203266667
89580,1.203233333
89640,1.2032
89700,1.203166667
89760,1.203133333
89820,1.2031
89880,1.203066667
89940,1.203033333
90000,1.203
90060,1.203
90120,1.203
90180,1.203
90240,1.203
90300,1.203
90360,1.203
90420,1.203
90480,1.203
90540,1.203
90600,1.203
90660,1.203
90720,1.203
90780,1.203
90840,1.203
90900,1.203
90960,1.203
91020,1.203
91080,1.203
91140,1.203
91200,1.203
91260,1.203
91320,1.203
91380,1.203
91440,1.203
91500,1.203
91560,1.203
91620,1.203
91680,1.203
91740,1.203
91800,1.203
91860,1.203
91920,1.203
91980,1.203
92040,1.203
92100,1.203
92160,1.203
92220,1.203
92280,1.203
92340,1.203
92400,1.203
92460,1.203
92520,1.203
92580,1.203
92640,1.203
92700,1.203
92760,1.203
92820,1.203
92880,1.203
92940,1.203
93000,1.203
93060,1.203
93120,1.203
93180,1.203
93240,1.203
93300,1.203
93360,1.203
93420,1.203
93480,1.203
93540,1.203
93600,1.203
93660,1.203
93720,1.203
93780,1.203
93840,1.203
93900,1.203
93960,1.203
94020,1.203
94080,1.203
94140,1.203
94200,1.203
94260,1.203
94320,1.203
94380,1.203
94440,1.203
94500,1.203
94560,1.203
94620,1.203
94680,1.203
94740,1.203
94800,1.203
94860,1.203
94920,1.203
94980,1.203
95040,1.203
95100,1.203
95160,1.203
95220,1.203
95280,1.203
95340,1.203
95400,1.203
95460,1.202966667
95520,1.202933333
95580,1.2029
95640,1.202866667
95700,1.202833333
95760,1.2028
95820,1.202766667
95880,1.202733333
95940,1.2027
96000,1.202666667
96060,1.202633333
96120,1.2026
96180,1.202566667
96240,1.202533333
96300,1.2025
96360,1.202466667
96420,1.202433333
96480,1.2024
96540,1.202366667
96600,1.202333333
96660,1.2023
96720,1.202266667
96780,1.202233333
96840,1.2022
96900,1.202166667
96960,1.202133333
97020,1.2021
97080,1.202066667
97140,1.202033333
97200,1.202
97260,1.202
97320,1.202
97380,1.202
97440,1.202
97500,1.202
97560,1.202
97620,1.202
97680,1.202
97740,1.202
97800,1.202
97860,1.202
97920,1.202
97980,1.202
98040,1.202
98100,1.202
98160,1.202
98220,1.202
98280,1.202
98340,1.202
98400,1.202
98460,1.202
98520,1.202
98580,1.202
98640,1.202
98700,1.202
98760,1.202
98820,1.202
98880,1.202
98940,1.202
99000,1.202
99060,1.202
99120,1.202
99180,1.202
99240,1.202
99300,1.202
99360,1.202
99420,1.202
99480,1.202
99540,1.202
99600,1.202
99660,1.202
99720,1.202
99780,1.202
99840,1.202
99900,1.202
99960,1.202
100020,1.202
100080,1.202
100140,1.202
100200,1.202
100260,1.202
100320,1.202
100380,1.202
100440,1.202
100500,1.202
100560,1.202
100620,1.202
100680,1.202
100740,1.202
100800,1.202
100860,1.202
100920,1.202
100980,1.202
101040,1.202
101100,1.202
101160,1.202
101220,1.202
101280,1.202
101340,1.202
101400,1.202
101460,1.202
101520,1.202
101580,1.202
101640,1.202
101700,1.202
101760,1.202
101820,1.202
101880,1.202
101940,1.202
102000,1.202
102060,1.202
102120,1.202
102180,1.202
102240,1.202
102300,1.202
102360,1.202
102420,1.202
102480,1.202
102540,1.202
102600,1.202
102660,1.202
102720,1.202
102780,1.202
102840,1.202
102900,1.202
102960,1.202
103020,1.202
103080,1.202
103140,1.202
103200,1.202
103260,1.202
103320,1.202
103380,1.202
103440,1.202
103500,1.202
103560,1.202
103620,1.202
103680,1.202
103740,1.202
103800,1.202
103860,1.202
103920,1.202
103980,1.202
104040,1.202
104100,1.202
104160,1.202
104220,1.202
104280,1.202
104340,1.202
104400,1.202
104460,1.201966667
104520,1.201933333
104580,1.2019
104640,1.201866667
104700,1.201833333
104760,1.2018
104820,1.201766667
104880,1.201733333
104940,1.2017
105000,1.201666667
105060,1.201633333
105120,1.2016
105180,1.201566667
105240,1.201533333
105300,1.2015
105360,1.201466667
105420,1.201433333
105480,1.2014
105540,1.201366667
105600,1.201333333
105660,1.2013
105720,1.201266667
105780,1.201233333
105840,1.2012
105900,1.201166667
105960,1.201133333
106020,1.2011
106080,1.201066667
106140,1.201033333
106200,1.201
106260,1.201
106320,1.201
106380,1.201
106440,1.201
106500,1.201
106560,1.201
106620,1.201
106680,1.201
106740,1.201
106800,1.201
106860,1.201
106920,1.201
106980,1.201
107040,1.201
107100,1.201
107160,1.201
107220,1.201
107280,1.201
107340,1.201
107400,1.201
107460,1.201
107520,1.201
107580,1.201
107640,1.201
107700,1.201
107760,1.201
107820,1.201
107880,1.201
107940,1.201
108000,1.201
108060,1.201
108120,1.201
108180,1.201
108240,1.201
108300,1.201
108360,1.201
108420,1.201
108480,1.201
108540,1.201
108600,1.201
108660,1.201
108720,1.201
108780,1.201
108840,1.201
108900,1.201
108960,1.201
109020,1.201
109080,1.201
109140,1.201
109200,1.201
109260,1.201
109320,1.201
109380,1.201
109440,1.201
109500,1.201
109560,1.201
109620,1.201
109680,1.201
109740,1.201
109800,1.201
109860,1.201
109920,1.201
109980,1.201
110040,1.201
110100,1.201
110160,1.201
110220,1.201
110280,1.201
110340,1.201
110400,1.201
110460,1.201
110520,1.201
110580,1.201
110640,1.201
110700,1.201
110760,1.201
110820,1.201
110880,1.201
110940,1.201
111000,1.201
111060,1.201
111120,1.201
111180,1.201
111240,1.201
111300,1.201
111360,1.201
111420,1.201
111480,1.201
111540,1.201
111600,1.201
111660,1.201
111720,1.201
111780,1.201
111840,1.201
111900,1.201
111960,1.201
112020,1.201
112080,1.201
112140,1.201
112200,1.201
112260,1.201
112320,1.201
112380,1.201
112440,1.201
112500,1.201
112560,1.201
112620,1.201
112680,1.201
112740,1.201
112800,1.201
112860,1.201
112920,1.201
112980,1.201
113040,1.201
113100,1.201
113160,1.201
113220,1.201
113280,1.201
113340,1.201
113400,1.201
113460,1.201
113520,1.201
113580,1.201
113640,1.201
113700,1.201
113760,1.201
113820,1.201
113880,1.201
113940,1.201
114000,1.201
114060,1.201
114120,1.201
114180,1.201
114240,1.201
114300,1.201
114360,1.201
114420,1.201
114480,1.201
114540,1.201
114600,1.201
114660,1.201
114720,1.201
114780,1.201
114840,1.201
114900,1.201
114960,1.201
115020,1.201
115080,1.201
115140,1.201
115200,1.201
115260,1.201
115320,1.201
115380,1.201
115440,1.201
115500,1.201
115560,1.201
115620,1.201
115680,1.201
115740,1.201
115800,1.201
115860,1.201
115920,1.201
115980,1.201
116040,1.201
116100,1.201
116160,1.201
116220,1.201
116280,1.201
116340,1.201
116400,1.201
116460,1.201
116520,1.201
116580,1.201
116640,1.201
116700,1.201
116760,1.201
116820,1.201
116880,1.201
116940,1.201
117000,1.201
117060,1.201
117120,1.201
117180,1.201
117240,1.201
117300,1.201
117360,1.201
117420,1.201
117480,1.201
117540,1.201
117600,1.201
117660,1.201
117720,1.201
117780,1.201
117840,1.201
117900,1.201
117960,1.201
118020,1.201
118080,1.201
118140,1.201
118200,1.201
118260,1.201
118320,1.201
118380,1.201
118440,1.201
118500,1.201
118560,1.201
118620,1.201
118680,1.201
118740,1.201
118800,1.201
118860,1.201
118920,1.201
118980,1.201
119040,1.201
119100,1.201
119160,1.201
119220,1.201
119280,1.201
119340,1.201
119400,1.201
119460,1.201
119520,1.201
119580,1.201
119640,1.201
119700,1.201
119760,1.201
119820,1.201
119880,1.201
119940,1.201
120000,1.201
120060,1.201
120120,1.201
120180,1.201
120240,1.201
120300,1.201
120360,1.201
120420,1.201
120480,1.201
120540,1.201
120600,1.201
120660,1.201
120720,1.201
120780,1.201
120840,1.201
120900,1.201
120960,1.201
121020,1.201
121080,1.201
121140,1.201
121200,1.201
121260,1.201
121320,1.201
121380,1.201
121440,1.201
121500,1.201
121560,1.201
121620,1.201
121680,1.201
121740,1.201
121800,1.201
121860,1.201
121920,1.201
121980,1.201
122040,1.201
122100,1.201
122160,1.201
122220,1.201
122280,1.201
122340,1.201
122400,1.201
122460,1.201
122520,1.201
122580,1.201
122640,1.201
122700,1.201
122760,1.201
122820,1.201
122880,1.201
122940,1.201
123000,1.201
123060,1.201
123120,1.201
123180,1.201
123240,1.201
123300,1.201
123360,1.201
123420,1.201
123480,1.201
123540,1.201
123600,1.201
123660,1.201
123720,1.201
123780,1.201
123840,1.201
123900,1.201
123960,1.201
124020,1.201
124080,1.201
124140,1.201
124200,1.201
124260,1.200966667
124320,1.200933333
124380,1.2009
124440,1.200866667
124500,1.200833333
124560,1.2008
124620,1.200766667
124680,1.200733333
124740,1.2007
124800,1.200666667
124860,1.200633333
124920,1.2006
124980,1.200566667
125040,1.200533333
125100,1.2005
125160,1.200466667
125220,1.200433333
125280,1.2004
125340,1.200366667
125400,1.200333333
125460,1.2003
125520,1.200266667
125580,1.200233333
125640,1.2002
125700,1.200166667
125760,1.200133333
125820,1.2001
125880,1.200066667
125940,1.200033333
126000,1.2
126060,1.2
126120,1.2
126180,1.2
126240,1.2
126300,1.2
126360,1.2
126420,1.2
126480,1.2
126540,1.2
126600,1.2
126660,1.2
126720,1.2
126780,1.2
126840,1.2
126900,1.2
126960,1.2
127020,1.2
127080,1.2
127140,1.2
127200,1.2
127260,1.2
127320,1.2
127380,1.2
127440,1.2
127500,1.2
127560,1.2
127620,1.2
127680,1.2
127740,1.2
127800,1.2
127860,1.2
127920,1.2
127980,1.2
128040,1.2
128100,1.2
128160,1.2
128220,1.2
128280,1.2
128340,1.2
128400,1.2
128460,1.2
128520,1.2
128580,1.2
128640,1.2
128700,1.2
128760,1.2
128820,1.2
128880,1.2
128940,1.2
129000,1.2
129060,1.2
129120,1.2
129180,1.2
129240,1.2
129300,1.2
129360,1.2
129420,1.2
129480,1.2
129540,1.2
129600,1.2
129660,1.2
129720,1.2
129780,1.2
129840,1.2
129900,1.2
129960,1.2
130020,1.2
130080,1.2
130140,1.2
130200,1.2
130260,1.2
130320,1.2
130380,1.2
130440,1.2
130500,1.2
130560,1.2
130620,1.2
130680,1.2
130740,1.2
130800,1.2
130860,1.2
130920,1.2
130980,1.2
131040,1.2
131100,1.2
131160,1.2
131220,1.2
131280,1.2
131340,1.2
131400,1.2
131460,1.2
131520,1.2
131580,1.2
131640,1.2
131700,1.2
131760,1.2
131820,1.2
131880,1.2
131940,1.2
132000,1.2
132060,1.2
132120,1.2
132180,1.2
132240,1.2
132300,1.2
132360,1.2
132420,1.2
132480,1.2
132540,1.2
132600,1.2
132660,1.2
132720,1.2
132780,1.2
132840,1.2
132900,1.2
132960,1.2
133020,1.2
133080,1.2
133140,1.2
133200,1.2
133260,1.2
133320,1.2
133380,1.2
133440,1.2
133500,1.2
133560,1.2
133620,1.2
133680,1.2
133740,1.2
133800,1.2
133860,1.2
133920,1.2
133980,1.2
134040,1.2
134100,1.2
134160,1.2
134220,1.2
134280,1.2
134340,1.2
134400,1.2
134460,1.2
134520,1.2
134580,1.2
134640,1.2
134700,1.2
134760,1.2
134820,1.2
134880,1.2
134940,1.2
135000,1.2
135060,1.2
135120,1.2
135180,1.2
135240,1.2
135300,1.2
135360,1.2
135420,1.2
135480,1.2
135540,1.2
135600,1.2
135660,1.2
135720,1.2
135780,1.2
135840,1.2
135900,1.2
135960,1.2
136020,1.2
136080,1.2
136140,1.2
136200,1.2
136260,1.2
136320,1.2
136380,1.2
136440,1.2
136500,1.2
136560,1.2
136620,1.2
136680,1.2
136740,1.2
136800,1.2
136860,1.2
136920,1.2
136980,1.2
137040,1.2
137100,1.2
137160,1.2
137220,1.2
137280,1.2
137340,1.2
137400,1.2
137460,1.2
137520,1.2
137580,1.2
137640,1.2
137700,1.2
137760,1.2
137820,1.2
137880,1.2
137940,1.2
138000,1.2
138060,1.2
138120,1.2
138180,1.2
138240,1.2
138300,1.2
138360,1.2
138420,1.2
138480,1.2
138540,1.2
138600,1.2
138660,1.2
138720,1.2
138780,1.2
138840,1.2
138900,1.2
138960,1.2
139020,1.2
139080,1.2
139140,1.2
139200,1.2
139260,1.2
139320,1.2
139380,1.2
139440,1.2
139500,1.2
139560,1.2
139620,1.2
139680,1.2
139740,1.2
139800,1.2
139860,1.2
139920,1.2
139980,1.2
140040,1.2
140100,1.2
140160,1.2
140220,1.2
140280,1.2
140340,1.2
140400,1.2
140460,1.2
140520,1.2
140580,1.2
140640,1.2
140700,1.2
140760,1.2
140820,1.2
140880,1.2
140940,1.2
141000,1.2
141060,1.2
141120,1.2
141180,1.2
141240,1.2
141300,1.2
141360,1.2
141420,1.2
141480,1.2
141540,1.2
141600,1.2
141660,1.2
141720,1.2
141780,1.2
141840,1.2
141900,1.2
141960,1.2
142020,1.2
142080,1.2
142140,1.2
142200,1.2
142260,1.2
142320,1.2
142380,1.2
142440,1.2
142500,1.2
142560,1.2
142620,1.2
142680,1.2
142740,1.2
142800,1.2
142860,1.2
142920,1.2
142980,1.2
143040,1.2
143100,1.2
143160,1.2
143220,1.2
143280,1.2
143340,1.2
143400,1.2
143460,1.2
143520,1.2
143580,1.2
143640,1.2
143700,1.2
143760,1.2
143820,1.2
143880,1.2
143940,1.2
144000,1.2
144060,1.2
144120,1.2
144180,1.2
144240,1.2
144300,1.2
144360,1.2
144420,1.2
144480,1.2
144540,1.2
144600,1.2
144660,1.2
144720,1.2
144780,1.2
144840,1.2
144900,1.2
144960,1.2
145020,1.2
145080,1.2
145140,1.2
145200,1.2
145260,1.2
145320,1.2
145380,1.2
145440,1.2
145500,1.2
145560,1.2
145620,1.2
145680,1.2
145740,1.2
145800,1.2
145860,1.2
145920,1.2
145980,1.2
146040,1.2
146100,1.2
146160,1.2
146220,1.2
146280,1.2
146340,1.2
146400,1.2
146460,1.2
146520,1.2
146580,1.2
146640,1.2
146700,1.2
146760,1.2
146820,1.2
146880,1.2
146940,1.2
147000,1.2
147060,1.2
147120,1.2
147180,1.2
147240,1.2
147300,1.2
147360,1.2
147420,1.2
147480,1.2
147540,1.2
147600,1.2
147660,1.2
147720,1.2
147780,1.2
147840,1.2
147900,1.2
147960,1.2
148020,1.2
148080,1.2
148140,1.2
148200,1.2
148260,1.2
148320,1.2
148380,1.2
148440,1.2
148500,1.2
148560,1.2
148620,1.2
148680,1.2
148740,1.2
148800,1.2
148860,1.2
148920,1.2
148980,1.2
149040,1.2
149100,1.2
149160,1.2
149220,1.2
149280,1.2
149340,1.2
149400,1.2
149460,1.2
149520,1.2
149580,1.2
149640,1.2
149700,1.2
149760,1.2
149820,1.2
149880,1.2
149940,1.2
150000,1.2
150060,1.2
150120,1.2
150180,1.2
150240,1.2
150300,1.2
150360,1.2
150420,1.2
150480,1.2
150540,1.2
150600,1.2
150660,1.2
150720,1.2
150780,1.2
150840,1.2
150900,1.2
150960,1.2
151020,1.2
151080,1.2
151140,1.2
151200,1.2
151260,1.2
151320,1.2
151380,1.2
151440,1.2
151500,1.2
151560,1.2
151620,1.2
151680,1.2
151740,1.2
151800,1.2
151860,1.2
151920,1.2
151980,1.2
152040,1.2
152100,1.2
152160,1.2
152220,1.2
152280,1.2
152340,1.2
152400,1.2
152460,1.2
152520,1.2
152580,1.2
152640,1.2
152700,1.2
152760,1.2
152820,1.2
152880,1.2
152940,1.2
153000,1.2
153060,1.2
153120,1.2
153180,1.2
153240,1.2
153300,1.2
153360,1.2
153420,1.2
153480,1.2
153540,1.2
153600,1.2
153660,1.2
153720,1.2
153780,1.2
153840,1.2
153900,1.2
153960,1.2
154020,1.2
154080,1.2
154140,1.2
154200,1.2
154260,1.2
154320,1.2
154380,1.2
154440,1.2
154500,1.2
154560,1.2
154620,1.2
154680,1.2
154740,1.2
154800,1.2
154860,1.2
154920,1.2
154980,1.2
155040,1.2
155100,1.2
155160,1.2
155220,1.2
155280,1.2
155340,1.2
155400,1.2
155460,1.2
155520,1.2
155580,1.2
155640,1.2
155700,1.2
155760,1.2
155820,1.2
155880,1.2
155940,1.2
156000,1.2
156060,1.2
156120,1.2
156180,1.2
156240,1.2
156300,1.2
156360,1.2
156420,1.2
156480,1.2
156540,1.2
156600,1.2
156660,1.2
156720,1.2
156780,1.2
156840,1.2
156900,1.2
156960,1.2
157020,1.2
157080,1.2
157140,1.2
157200,1.2
157260,1.2
157320,1.2
157380,1.2
157440,1.2
157500,1.2
157560,1.2
157620,1.2
157680,1.2
157740,1.2
157800,1.2
157860,1.2
157920,1.2
157980,1.2
158040,1.2
158100,1.2
158160,1.2
158220,1.2
158280,1.2
158340,1.2
158400,1.2
158460,1.2
158520,1.2
158580,1.2
158640,1.2
158700,1.2
158760,1.2
158820,1.2
158880,1.2
158940,1.2
159000,1.2
159060,1.2
159120,1.2
159180,1.2
159240,1.2
159300,1.2
159360,1.2
159420,1.2
159480,1.2
159540,1.2
159600,1.2
159660,1.2
159720,1.2
159780,1.2
159840,1.2
159900,1.2
159960,1.2
160020,1.2
160080,1.2
160140,1.2
160200,1.2
160260,1.2
160320,1.2
160380,1.2
160440,1.2
160500,1.2
160560,1.2
160620,1.2
160680,1.2
160740,1.2
160800,1.2
160860,1.2
160920,1.2
160980,1.2
161040,1.2
161100,1.2
161160,1.2
161220,1.2
161280,1.2
161340,1.2
161400,1.2
161460,1.2
161520,1.2
161580,1.2
161640,1.2
161700,1.2
161760,1.2
161820,1.2
161880,1.2
161940,1.2
162000,1.2
162060,1.2
162120,1.2
162180,1.2
162240,1.2
162300,1.2
162360,1.2
162420,1.2
162480,1.2
162540,1.2
162600,1.2
162660,1.2
162720,1.2
162780,1.2
162840,1.2
162900,1.2
162960,1.2
163020,1.2
163080,1.2
163140,1.2
163200,1.2
163260,1.2
163320,1.2
163380,1.2
163440,1.2
163500,1.2
163560,1.2
163620,1.2
163680,1.2
163740,1.2
163800,1.2
163860,1.2
163920,1.2
163980,1.2
164040,1.2
164100,1.2
164160,1.2
164220,1.2
164280,1.2
164340,1.2
164400,1.2
164460,1.2
164520,1.2
164580,1.2
164640,1.2
164700,1.2
164760,1.2
164820,1.2
164880,1.2
164940,1.2
165000,1.2
165060,1.2
165120,1.2
165180,1.2
165240,1.2
165300,1.2
165360,1.2
165420,1.2
165480,1.2
165540,1.2
165600,1.2
165660,1.2
165720,1.2
165780,1.2
165840,1.2
165900,1.2
165960,1.2
166020,1.2
166080,1.2
166140,1.2
166200,1.2
166260,1.2
166320,1.2
166380,1.2
166440,1.2
166500,1.2
166560,1.2
166620,1.2
166680,1.2
166740,1.2
166800,1.2
166860,1.2
166920,1.2
166980,1.2
167040,1.2
167100,1.2
167160,1.2
167220,1.2
167280,1.2
167340,1.2
167400,1.2
167460,1.2
167520,1.2
167580,1.2
167640,1.2
167700,1.2
167760,1.2
167820,1.2
167880,1.2
167940,1.2
168000,1.2
168060,1.2
168120,1.2
168180,1.2
168240,1.2
168300,1.2
168360,1.2
168420,1.2
168480,1.2
168540,1.2
168600,1.2
168660,1.2
168720,1.2
168780,1.2
168840,1.2
168900,1.2
168960,1.2
169020,1.2
169080,1.2
169140,1.2
169200,1.2
169260,1.2
169320,1.2
169380,1.2
169440,1.2
169500,1.2
169560,1.2
169620,1.2
169680,1.2
169740,1.2
169800,1.2
169860,1.2
169920,1.2
169980,1.2
170040,1.2
170100,1.2
170160,1.2
170220,1.2
170280,1.2
170340,1.2
170400,1.2
170460,1.2
170520,1.2
170580,1.2
170640,1.2
170700,1.2
170760,1.2
170820,1.2
170880,1.2
170940,1.2
171000,1.2
171060,1.2
171120,1.2
171180,1.2
171240,1.2
171300,1.2
171360,1.2
171420,1.2
171480,1.2
171540,1.2
171600,1.2
171660,1.2
171720,1.2
171780,1.2
171840,1.2
171900,1.2
171960,1.2
172020,1.2
172080,1.2
172140,1.2
172200,1.2
172260,1.2
172320,1.2
172380,1.2
172440,1.2
172500,1.2
172560,1.2
172620,1.2
172680,1.2
172740,1.2
172800,1.2
172860,1.2
172920,1.2
172980,1.2
173040,1.2
173100,1.2
173160,1.2
173220,1.2
173280,1.2
173340,1.2
173400,1.2
173460,1.2
173520,1.2
173580,1.2
173640,1.2
173700,1.2
173760,1.2
173820,1.2
173880,1.2
173940,1.2
174000,1.2
174060,1.2
174120,1.2
174180,1.2
174240,1.2
174300,1.2
174360,1.2
174420,1.2
174480,1.2
174540,1.2
174600,1.2
174660,1.2
174720,1.2
174780,1.2
174840,1.2
174900,1.2
174960,1.2
175020,1.2
175080,1.2
175140,1.2
175200,1.2
175260,1.2
175320,1.2
175380,1.2
175440,1.2
175500,1.2
175560,1.2
175620,1.2
175680,1.2
175740,1.2
175800,1.2
175860,1.2
175920,1.2
175980,1.2
176040,1.2
176100,1.2
176160,1.2
176220,1.2
176280,1.2
176340,1.2
176400,1.2
176460,1.2
176520,1.2
176580,1.2
176640,1.2
176700,1.2
176760,1.2
176820,1.2
176880,1.2
176940,1.2
177000,1.2
177060,1.2
177120,1.2
177180,1.2
177240,1.2
177300,1.2
177360,1.2
177420,1.2
177480,1.2
177540,1.2
177600,1.2
177660,1.2
177720,1.2
177780,1.2
177840,1.2
177900,1.2
177960,1.2
178020,1.2
178080,1.2
178140,1.2
178200,1.2
178260,1.2
178320,1.2
178380,1.2
178440,1.2
178500,1.2
178560,1.2
178620,1.2
178680,1.2
178740,1.2
178800,1.2
178860,1.2
178920,1.2
178980,1.2
179040,1.2
179100,1.2
179160,1.2
179220,1.2
179280,1.2
179340,1.2
179400,1.2
179460,1.2
179520,1.2
179580,1.2
179640,1.2
179700,1.2
179760,1.2
179820,1.2
179880,1.2
179940,1.2
180000,1.2
180060,1.2
180120,1.2
180180,1.2
180240,1.2
180300,1.2
180360,1.2
180420,1.2
180480,1.2
180540,1.2
180600,1.2
180660,1.2
180720,1.2
180780,1.2
180840,1.2
180900,1.2
180960,1.2
181020,1.2
181080,1.2
181140,1.2
181200,1.2
181260,1.2
181320,1.2
181380,1.2
181440,1.2
181500,1.2
181560,1.2
181620,1.2
181680,1.2
181740,1.2
181800,1.2
181860,1.2
181920,1.2
181980,1.2
182040,1.2
182100,1.2
182160,1.2
182220,1.2
182280,1.2
182340,1.2
182400,1.2
182460,1.2
182520,1.2
182580,1.2
182640,1.2
182700,1.2
182760,1.2
182820,1.2
182880,1.2
182940,1.2
183000,1.2
183060,1.2
183120,1.2
183180,1.2
183240,1.2
183300,1.2
183360,1.2
183420,1.2
183480,1.2
183540,1.2
183600,1.2
183660,1.2
183720,1.2
183780,1.2
183840,1.2
183900,1.2
183927,1.2
